(S1) Range Link ,(S2) Range Link ,Name,Jenis Dokumen,Kategori Kemahasiswaan,Link Dokumen,Placeholder,Link Page,Pengampu
deprecated and renewed by row 4,,Peraturan Rektor No.16/2021 Dana Pendidikan ITS,Peraturan Rektor,S1,https://itsacid.sharepoint.com/sites/IF/SiteAssets/SitePages/IF-InfoUKT/2021-P-Rektor-No-16-ttg-Biaya-Pendidikan-ITS.pdf?web=1,Akademik S1/Layanan UKT/Informasi Refund UKT,https://itsacid.sharepoint.com/sites/IF/SitePages/IF-InfoUKT.aspx,
deprecated and renewed by row 4,,Peraturan Rektor Nomor 17 Tentang Perubahan Perek Dana Pendidikan,Peraturan Rektor,S1,https://itsacid.sharepoint.com/sites/IF/SiteAssets/SitePages/IF-InfoUKT/Peraturan-Rektor-Nomor-17-Tahun-2023-ttg-Perubahan-Atas-Peraturan-Rektor-Nomor-5-Tahun-2023-Tentang-UKT.pdf?web=1,Akademik S1/Layanan UKT/Informasi Refund UKT,https://itsacid.sharepoint.com/sites/IF/SitePages/IF-InfoUKT.aspx,
https://docs.google.com/spreadsheets/d/1HRbG8VCZuKpAjjXQcn4CvXu83h6YdaktjmRg5Lb45no/edit#gid=988551747&range=2:2,-,Peraturan Rektor No. 5/2023 Dana Pendidikan ITS,Peraturan Rektor,S1,https://itsacid.sharepoint.com/sites/IF/SiteAssets/Forms/AllItems.aspx?id=/sites/IF/SiteAssets/SitePages/IF-InfoUKT/Peraturan-Rektor-Nomor-5-Tahun-2023-Dana-Pendidikan-ITS.pdf&parent=/sites/IF/SiteAssets/SitePages/IF-InfoUKT,Akademik S1/Layanan UKT/Informasi Refund UKT,https://itsacid.sharepoint.com/sites/IF/SitePages/IF-InfoUKT.aspx,Ahmad Ferdiansyah Ramadhani
https://docs.google.com/spreadsheets/d/1HRbG8VCZuKpAjjXQcn4CvXu83h6YdaktjmRg5Lb45no/edit#gid=988551747&range=A3,-,Edaran Keringanan UKT Genap 23/24,Surat Edaran,S1,https://itsacid.sharepoint.com/sites/IF/SiteAssets/SitePages/IF-InfoUKT/Pengumuman-Perihal-Permohonan-Keringanan-UKT-Semester-Genap-2023-2024.pdf?web=1,Akademik S1/Layanan UKT/Informasi Banding UKT,https://itsacid.sharepoint.com/sites/IF/SitePages/IF-InfoUKT.aspx,Daniel Hermawan
https://docs.google.com/spreadsheets/d/1HRbG8VCZuKpAjjXQcn4CvXu83h6YdaktjmRg5Lb45no/edit#gid=988551747&range=A4,-,SKEM-ITS 24 Agustus 2024,Pengumuman,S1,https://itsacid.sharepoint.com/sites/IF/SiteAssets/Forms/AllItems.aspx?FolderCTID=0x01200059F562C304F3274F809115DE323D242D&id=%2Fsites%2FIF%2FSiteAssets%2FSitePages%2FIF%2DInfoMBKM1%2FSKEM%2DITS%5F24%2DAgustus%2D2021%2D%2D%2Dstudi%2Dindependen%2D%5Fok%2Epdf&parent=%2Fsites%2FIF%2FSiteAssets%2FSitePages%2FIF%2DInfoMBKM1,Kemahasiswaan S1/Informasi SKEM,https://itsacid.sharepoint.com/sites/IF/SitePages/IF-InfoSKEM.aspx,Daniel Hermawan
duplicate row 15,,Pemberitahuan Calon Wisudawan ke-129,Pengumuman,S1,https://itsacid.sharepoint.com/sites/IF/SiteAssets/SitePages/IF-InfoYudisium/2024-01-09_3177-Pemberitahuan-untuk-calon-Wisudawan-ITS-Ke-129.pdf?web=1,Akademik S1/Yudisium & Wisuda/Informasi Wisuda 129,https://itsacid.sharepoint.com/sites/IF/SitePages/IF-InfoYudisium.aspx,
https://docs.google.com/spreadsheets/d/1HRbG8VCZuKpAjjXQcn4CvXu83h6YdaktjmRg5Lb45no/edit#gid=988551747&range=A15,https://docs.google.com/spreadsheets/d/1HRbG8VCZuKpAjjXQcn4CvXu83h6YdaktjmRg5Lb45no/edit#gid=745639224&range=7:7,Jadwal Wisuda ITS ke-129,Pengumuman,S1/S2,https://itsacid.sharepoint.com/sites/IF/SiteAssets/SitePages/IF-InfoYudisium/Wisuda-ITS-ke-129-Periode-April-2024.pdf?web=1,Akademik S1 + S2/Yudisium & Wisuda/Informasi Wisuda 129,https://itsacid.sharepoint.com/sites/IF/SitePages/IF-InfoYudisium.aspx,Revanza Kurniawan
duplicated row 8,-,Pemberitahuan Peminjaman Toga Wisuda ke-129,Pengumuman,S1/S2,https://itsacid.sharepoint.com/sites/IF/SiteAssets/Forms/AllItems.aspx?id=%2Fsites%2FIF%2FSiteAssets%2FSitePages%2FIF%2DInfoYudisium%2FLampiran%2DPemberitahuan%2DPeminjaman%2DToga%2DWisuda%2Dke%2D129%2DITS%2Epdf&parent=%2Fsites%2FIF%2FSiteAssets%2FSitePages%2FIF%2DInfoYudisium,Akademik S1 + S2/Yudisium & Wisuda/Informasi Wisuda 129,https://itsacid.sharepoint.com/sites/IF/SitePages/IF-InfoYudisium.aspx,
https://docs.google.com/spreadsheets/d/1HRbG8VCZuKpAjjXQcn4CvXu83h6YdaktjmRg5Lb45no/edit#gid=988551747&range=A5,https://docs.google.com/spreadsheets/d/1HRbG8VCZuKpAjjXQcn4CvXu83h6YdaktjmRg5Lb45no/edit#gid=745639224&range=8:8,Pemberitahuan Unggah Artikel POMITS untuk Wisuda 129 S1,Pengumuman,S1/S2,https://itsacid.sharepoint.com/sites/IF/SiteAssets/Forms/AllItems.aspx?id=%2Fsites%2FIF%2FSiteAssets%2FSitePages%2FPemberitahuan%2DUnggah%2DArtikel%2DPOMITS%2Duntuk%2DWisuda%2D129%2D%2DS1%2FPemberitahuan%2DUnggah%2DArtikel%2DPOMITS%2DPeriode%2DWisuda%2D129%2Epdf&parent=%2Fsites%2FIF%2FSiteAssets%2FSitePages%2FPemberitahuan%2DUnggah%2DArtikel%2DPOMITS%2Duntuk%2DWisuda%2D129%2D%2DS1,Beranda/Pengumuman dan Edaran,https://itsacid.sharepoint.com/sites/IF/SitePages/Pemberitahuan-Unggah-Artikel-POMITS-untuk-Wisuda-129--S1.aspx,Daniel Hermawan
https://docs.google.com/spreadsheets/d/1HRbG8VCZuKpAjjXQcn4CvXu83h6YdaktjmRg5Lb45no/edit#gid=988551747&range=A6,https://docs.google.com/spreadsheets/d/1HRbG8VCZuKpAjjXQcn4CvXu83h6YdaktjmRg5Lb45no/edit#gid=745639224&range=9:9,Pusat Layanan Terpadu Biro Umum dan Reformasi Birokrasi,Brosur,S1/S2,https://itsacid.sharepoint.com/sites/IF/SiteAssets/Forms/AllItems.aspx?id=%2Fsites%2FIF%2FSiteAssets%2FSitePages%2FSurat%2DKete%2FPusat%2DLayanan%2DTerpadu%2Epdf&parent=%2Fsites%2FIF%2FSiteAssets%2FSitePages%2FSurat%2DKete,Beranda/Pengumuman dan Edaran,https://itsacid.sharepoint.com/sites/IF/SitePages/Surat-Kete.aspx,Daniel Hermawan
https://docs.google.com/spreadsheets/d/1HRbG8VCZuKpAjjXQcn4CvXu83h6YdaktjmRg5Lb45no/edit#gid=988551747&range=A7,-,International Internship Program 2024 CoE/CCU at National Cung Cheng University OI S1,Pengumuman,S1,https://itsacid.sharepoint.com/sites/IF/SiteAssets/Forms/AllItems.aspx?id=%2Fsites%2FIF%2FSiteAssets%2FSitePages%2F2024%2DCoE%5FCCU%2DInternational%2DInternship%2DProgram%2D2nd%2Dcall%5F20240124%2F2024%2DCoE%5FCCU%2DInternational%2DInternship%2DProgram%2D2nd%2Dcall%5F20240124%2D%2D1%2D%2Epdf&parent=%2Fsites%2FIF%2FSiteAssets%2FSitePages%2F2024%2DCoE%5FCCU%2DInternational%2DInternship%2DProgram%2D2nd%2Dcall%5F20240124,Beranda/Pengumuman dan Edaran,https://itsacid.sharepoint.com/sites/IF/SitePages/2024-CoE_CCU-International-Internship-Program-2nd-call_20240124.aspx,Daniel Hermawan
https://docs.google.com/spreadsheets/d/1HRbG8VCZuKpAjjXQcn4CvXu83h6YdaktjmRg5Lb45no/edit#gid=988551747&range=A8,-,Jadwal Mengulang Kuliah Semester Genap 2023/2024,Pengumuman,S1,https://itsacid.sharepoint.com/sites/IF/SitePages/Kelas-Mengulang-kelas-mengulang-atau-bukan-jatah-untuk-mata-kuliah-Bersama.aspx,Beranda/Pengumuman dan Edaran,https://itsacid.sharepoint.com/sites/IF/SitePages/Kelas-Mengulang-kelas-mengulang-atau-bukan-jatah-untuk-mata-kuliah-Bersama.aspx,Daniel Hermawan
https://docs.google.com/spreadsheets/d/1HRbG8VCZuKpAjjXQcn4CvXu83h6YdaktjmRg5Lb45no/edit#gid=988551747&range=A9,-,Beasiswa Prioritas LPDP - Campus France 2024 S1,Pengumuman,S1,https://itsacid.sharepoint.com/sites/IF/SiteAssets/Forms/AllItems.aspx?id=%2Fsites%2FIF%2FSiteAssets%2FSitePages%2FBeasiswa%2DPrioritas%2DLPDP%2D%2D%2DCampus%2DFrance%2D2024%2FBeasiswa%2DPrioritas%2DMaster%2DLPDP%2Dx%2DCF%2D2024%2Epdf&parent=%2Fsites%2FIF%2FSiteAssets%2FSitePages%2FBeasiswa%2DPrioritas%2DLPDP%2D%2D%2DCampus%2DFrance%2D2024,Beranda/Pengumuman dan Edaran,https://itsacid.sharepoint.com/sites/IF/SitePages/Beasiswa-Prioritas-LPDP---Campus-France-2024.aspx,Daniel Hermawan
https://docs.google.com/spreadsheets/d/1HRbG8VCZuKpAjjXQcn4CvXu83h6YdaktjmRg5Lb45no/edit#gid=988551747&range=A16,https://docs.google.com/spreadsheets/d/1HRbG8VCZuKpAjjXQcn4CvXu83h6YdaktjmRg5Lb45no/edit#gid=745639224&range=10:10,Pemberitahuan untuk calon Wisudawan ITS Ke-129 IF,Pengumuman,S1/S2,https://itsacid.sharepoint.com/sites/IF/SiteAssets/SitePages/IF-InfoYudisium/2024-01-09_3177-Pemberitahuan-untuk-calon-Wisudawan-ITS-Ke-129.pdf?web=1,Beranda/Pengumuman dan Edaran,https://itsacid.sharepoint.com/sites/IF/SitePages/Pemberitahuan-untuk-calon-Wisudawan-ITS-Ke-129--IF.aspx,Revanza Kurniawan
https://docs.google.com/spreadsheets/d/1HRbG8VCZuKpAjjXQcn4CvXu83h6YdaktjmRg5Lb45no/edit#gid=988551747&range=A10,-,PENGUMUMAN PERIHAL PERMOHONAN KERINGANAN UKT/SPP SEMESTER GENAP 2023/2024 S1,Pengumuman,S1,https://itsacid.sharepoint.com/sites/IF/SiteAssets/Forms/AllItems.aspx?id=%2Fsites%2FIF%2FSiteAssets%2FSitePages%2FPENGUMUMAN%2DPERIHAL%2DPERMOHONAN%2DKERINGANAN%2DUKT%2DSPP%2DSEMESTER%2DGENAP%2D2023%2D2024%2FPengumuman%2DPerihal%2DPermohonan%2DKeringanan%2DUKT%2DSemester%2DGenap%2D2023%2D2024%2Epdf&parent=%2Fsites%2FIF%2FSiteAssets%2FSitePages%2FPENGUMUMAN%2DPERIHAL%2DPERMOHONAN%2DKERINGANAN%2DUKT%2DSPP%2DSEMESTER%2DGENAP%2D2023%2D2024,Beranda/Pengumuman dan Edaran,https://itsacid.sharepoint.com/sites/IF/SitePages/PENGUMUMAN-PERIHAL-PERMOHONAN-KERINGANAN-UKT-SPP-SEMESTER-GENAP-2023-2024.aspx,Daniel Hermawan
https://docs.google.com/spreadsheets/d/1HRbG8VCZuKpAjjXQcn4CvXu83h6YdaktjmRg5Lb45no/edit#gid=988551747&range=A11,-,International Exposure,Sosialisasi,S1,https://itsacid-my.sharepoint.com/personal/ary_shiddiqi_its_ac_id/_layouts/15/onedrive.aspx?ga=1&id=%2Fpersonal%2Fary%5Fshiddiqi%5Fits%5Fac%5Fid%2FDocuments%2FITS%2FMANAGEMENT%2FPERKULIAHAN%2FRESOURCE%20AKADEMIK%20DAN%20KEMAHASISWAAN%2FSARJANA%2FStudent%20Xchange%2Finternational%20exposure%20IF%20ITS%2Epdf&parent=%2Fpersonal%2Fary%5Fshiddiqi%5Fits%5Fac%5Fid%2FDocuments%2FITS%2FMANAGEMENT%2FPERKULIAHAN%2FRESOURCE%20AKADEMIK%20DAN%20KEMAHASISWAAN%2FSARJANA%2FStudent%20Xchange,Kemahasiswaan S1/International Exposure,https://itsacid.sharepoint.com/sites/IF/SitePages/IF-InternationalExposure.aspx,Daniel Hermawan
https://docs.google.com/spreadsheets/d/1HRbG8VCZuKpAjjXQcn4CvXu83h6YdaktjmRg5Lb45no/edit#gid=988551747&range=A12,-,"Virtual Exchange Program Fall Semester, 2020",Panduan,S1,https://itsacid-my.sharepoint.com/personal/ary_shiddiqi_its_ac_id/_layouts/15/onedrive.aspx?ga=1&id=%2Fpersonal%2Fary%5Fshiddiqi%5Fits%5Fac%5Fid%2FDocuments%2FITS%2FMANAGEMENT%2FPERKULIAHAN%2FRESOURCE%20AKADEMIK%20DAN%20KEMAHASISWAAN%2FSARJANA%2FStudent%20Xchange%2FCourse%20Description%20for%20Virtual%20Exchange%20at%20AU%20%28Fall%20semester%20%202020%29%2Epdf&parent=%2Fpersonal%2Fary%5Fshiddiqi%5Fits%5Fac%5Fid%2FDocuments%2FITS%2FMANAGEMENT%2FPERKULIAHAN%2FRESOURCE%20AKADEMIK%20DAN%20KEMAHASISWAAN%2FSARJANA%2FStudent%20Xchange,Kemahasiswaan S1/International Exposure,https://itsacid.sharepoint.com/sites/IF/SitePages/IF-InternationalExposure.aspx,Daniel Hermawan
deprecated and renewed by row 2,,Peraturan Rektor No 16 Tahun 2021 Tentang Biaya Pendidikan ITS UKT,Peraturan Rektor,S1,https://itsacid-my.sharepoint.com/personal/ary_shiddiqi_its_ac_id/_layouts/15/onedrive.aspx?ga=1&id=%2Fpersonal%2Fary%5Fshiddiqi%5Fits%5Fac%5Fid%2FDocuments%2FITS%2FMANAGEMENT%2FPERKULIAHAN%2FRESOURCE%20AKADEMIK%20DAN%20KEMAHASISWAAN%2FSARJANA%2FStudent%20Xchange%2F3%5F16%5FPeraturan%5FRektor%5FNomor%5F16%5FTahun%5F2021%5Fttg%5FBiaya%5FPendidikan%5FITS%5FUKT%2Epdf&parent=%2Fpersonal%2Fary%5Fshiddiqi%5Fits%5Fac%5Fid%2FDocuments%2FITS%2FMANAGEMENT%2FPERKULIAHAN%2FRESOURCE%20AKADEMIK%20DAN%20KEMAHASISWAAN%2FSARJANA%2FStudent%20Xchange,]Kemahasiswaan S1/International Exposure,https://itsacid.sharepoint.com/sites/IF/SitePages/IF-InternationalExposure.aspx,
https://docs.google.com/spreadsheets/d/1HRbG8VCZuKpAjjXQcn4CvXu83h6YdaktjmRg5Lb45no/edit#gid=988551747&range=A13,-,Pemberitahuan Persyaratan Eksposur Internasional,Pengumuman,S1,https://itsacid.sharepoint.com/sites/IF/SiteAssets/Forms/AllItems.aspx?id=%2Fsites%2FIF%2FSiteAssets%2FSitePages%2FIF%2Dinternasionalisasi%2FPemberitahuan%2DInformasi%2DPersyaratan%2DEksposur%2DInternasional%2D%2D%2Epdf&parent=%2Fsites%2FIF%2FSiteAssets%2FSitePages%2FIF%2Dinternasionalisasi,Kemahasiswaan S1/International Exposure,https://itsacid.sharepoint.com/sites/IF/SitePages/IF-InternationalExposure.aspx,Daniel Hermawan
duplicated row 12,-,NATIONAL CHUNG CHENG UNIVERSITY 2024 CCU/CoE INTERNATIONAL INTERNSHIP PROGRAM,Panduan,S1,https://itsacid.sharepoint.com/sites/IF/SiteAssets/Forms/AllItems.aspx?id=%2Fsites%2FIF%2FSiteAssets%2FSitePages%2F2024%2DCoE%5FCCU%2DInternational%2DInternship%2DProgram%2D2nd%2Dcall%5F20240124%2F2024%2DCoE%5FCCU%2DInternational%2DInternship%2DProgram%2D2nd%2Dcall%5F20240124%2D%2D1%2D%2Epdf&parent=%2Fsites%2FIF%2FSiteAssets%2FSitePages%2F2024%2DCoE%5FCCU%2DInternational%2DInternship%2DProgram%2D2nd%2Dcall%5F20240124,Kemahasiswaan S1/Lowongan dan Beasiswa,https://itsacid.sharepoint.com/sites/IF/SitePages/2024-CoE_CCU-International-Internship-Program-2nd-call_20240124.aspx,
https://docs.google.com/spreadsheets/d/1HRbG8VCZuKpAjjXQcn4CvXu83h6YdaktjmRg5Lb45no/edit#gid=988551747&range=A17,-,Biasiswa LPDP Campus France Program Master,Panduan,S1,https://itsacid.sharepoint.com/sites/IF/SiteAssets/Forms/AllItems.aspx?id=%2Fsites%2FIF%2FSiteAssets%2FSitePages%2FBeasiswa%2DPrioritas%2DLPDP%2D%2D%2DCampus%2DFrance%2D2024%2FBeasiswa%2DPrioritas%2DMaster%2DLPDP%2Dx%2DCF%2D2024%2Epdf&parent=%2Fsites%2FIF%2FSiteAssets%2FSitePages%2FBeasiswa%2DPrioritas%2DLPDP%2D%2D%2DCampus%2DFrance%2D2024,Kemahasiswaan S1/Lowongan dan Beasiswa,https://itsacid.sharepoint.com/sites/IF/SitePages/Beasiswa-Prioritas-LPDP---Campus-France-2024.aspx,Revanza Kurniawan
https://docs.google.com/spreadsheets/d/1HRbG8VCZuKpAjjXQcn4CvXu83h6YdaktjmRg5Lb45no/edit#gid=988551747&range=14:14,-,Materi Sosialisasi MSIB batch 6,Sosialisasi,S1,https://itsacid.sharepoint.com/sites/IF/SiteAssets/Forms/AllItems.aspx?id=%2Fsites%2FIF%2FSiteAssets%2FSitePages%2FIF%2DInfoMBKM%281%29%2FSosialisasi%2DMSIB%2D6%2D%2DFakultas%2D%2D%2Epptx%2Epdf&parent=%2Fsites%2FIF%2FSiteAssets%2FSitePages%2FIF%2DInfoMBKM%281%29,Akademik S1/Lowongan dan Beasiswa/MBKM di dept.informatika,https://itsacid.sharepoint.com/sites/IF/SitePages/IF-MBKM&KP.aspx,Ahmad Ferdiansyah Ramadhani
https://docs.google.com/spreadsheets/d/1HRbG8VCZuKpAjjXQcn4CvXu83h6YdaktjmRg5Lb45no/edit#gid=988551747&range=A18,https://docs.google.com/spreadsheets/d/1HRbG8VCZuKpAjjXQcn4CvXu83h6YdaktjmRg5Lb45no/edit#gid=745639224&range=11:11,Academic Support,Q&A,S1/S2,https://itsacid.sharepoint.com/sites/IF/SitePages/IF-FAQ.aspx#academic-support-%F0%9F%93%96,FAQ/Academic Support,https://itsacid.sharepoint.com/sites/IF/SitePages/IF-FAQ.aspx,Revanza Kurniawan
https://docs.google.com/spreadsheets/d/1HRbG8VCZuKpAjjXQcn4CvXu83h6YdaktjmRg5Lb45no/edit#gid=988551747&range=A19,https://docs.google.com/spreadsheets/d/1HRbG8VCZuKpAjjXQcn4CvXu83h6YdaktjmRg5Lb45no/edit#gid=745639224&range=12:12,Student Affairs,Q&A,S1/S2,https://itsacid.sharepoint.com/sites/IF/SitePages/IF-FAQ.aspx#student-affairs-%F0%9F%8E%97%EF%B8%8F,FAQ/Student Affairs,https://itsacid.sharepoint.com/sites/IF/SitePages/IF-FAQ.aspx,Revanza Kurniawan
https://docs.google.com/spreadsheets/d/1HRbG8VCZuKpAjjXQcn4CvXu83h6YdaktjmRg5Lb45no/edit#gid=988551747&range=A20,https://docs.google.com/spreadsheets/d/1HRbG8VCZuKpAjjXQcn4CvXu83h6YdaktjmRg5Lb45no/edit#gid=745639224&range=13:13,General Affairs & Services,Q&A,S1/S2,https://itsacid.sharepoint.com/sites/IF/SitePages/IF-FAQ.aspx#general-affairs-and-services-%E2%9C%8D%F0%9F%8F%BB,FAQ/General Affairs and Services,https://itsacid.sharepoint.com/sites/IF/SitePages/IF-FAQ.aspx,Revanza Kurniawan
https://docs.google.com/spreadsheets/d/1HRbG8VCZuKpAjjXQcn4CvXu83h6YdaktjmRg5Lb45no/edit#gid=988551747&range=A21,https://docs.google.com/spreadsheets/d/1HRbG8VCZuKpAjjXQcn4CvXu83h6YdaktjmRg5Lb45no/edit#gid=745639224&range=14:14,Dosen & Tendik di Departemen Teknik Informatika,Q&A,S1/S2,https://itsacid.sharepoint.com/sites/IF/SitePages/IF-FAQ.aspx#general-affairs-and-services-%E2%9C%8D%F0%9F%8F%BB,FAQ/Dosen & Tendik di Departemen Teknik Informatika ,https://itsacid.sharepoint.com/sites/IF/SitePages/IF-FAQ.aspx,Revanza Kurniawan
https://docs.google.com/spreadsheets/d/1HRbG8VCZuKpAjjXQcn4CvXu83h6YdaktjmRg5Lb45no/edit#gid=988551747&range=A22,-,QNA Tugas Akhir,Q&A,S1,https://itsacid.sharepoint.com/sites/IF/SitePages/IF-InfoTugasAkhir.aspx#qna-tugas-akhir,Akademik S1/Rumpun MK TA,https://itsacid.sharepoint.com/sites/IF/SitePages/IF-InfoTugasAkhir.aspx,Revanza Kurniawan
-,https://docs.google.com/spreadsheets/d/1HRbG8VCZuKpAjjXQcn4CvXu83h6YdaktjmRg5Lb45no/edit#gid=745639224&range=A2,Panduan Penulisan Tesis,Panduan,S2,https://itsacid-my.sharepoint.com/personal/kartikadwi_its_ac_id/_layouts/15/onedrive.aspx?id=%2Fpersonal%2Fkartikadwi%5Fits%5Fac%5Fid%2FDocuments%2F07%2E%20Tesis%20%2D%20Sidang%20Akhir%2F07%2E%20Dokumen%20Tesis%2FPanduan%20Penyusunan%20Tesis%202021%2Epdf&parent=%2Fpersonal%2Fkartikadwi%5Fits%5Fac%5Fid%2FDocuments%2F07%2E%20Tesis%20%2D%20Sidang%20Akhir%2F07%2E%20Dokumen%20Tesis&ga=1,Akademik S2/Rumpun MK Tesis/General Information,https://itsacid.sharepoint.com/sites/IF/SitePages/IF-InfoTesis.aspx,Revanza Kurniawan
https://docs.google.com/spreadsheets/d/1HRbG8VCZuKpAjjXQcn4CvXu83h6YdaktjmRg5Lb45no/edit#gid=988551747&range=A24,-,Sosialisasi MSIB 6 Fakultas,Sosialisasi,S1,https://itsacid.sharepoint.com/sites/IF/SiteAssets/Forms/AllItems.aspx?id=%2Fsites%2FIF%2FSiteAssets%2FSitePages%2FIF%2DInfoMBKM%281%29%2FSosialisasi%2DMSIB%2D6%2D%2DFakultas%2D%2D%2Epptx%2Epdf&parent=%2Fsites%2FIF%2FSiteAssets%2FSitePages%2FIF%2DInfoMBKM%281%29,Akademik S1/MBKM & KP,https://itsacid.sharepoint.com/sites/IF/SitePages/IF-MBKM&KP.aspx,Revanza Kurniawan
https://docs.google.com/spreadsheets/d/1HRbG8VCZuKpAjjXQcn4CvXu83h6YdaktjmRg5Lb45no/edit#gid=988551747&range=A25,-,Panduan Magang 2021,Panduan,S1,https://itsacid-my.sharepoint.com/personal/ary_shiddiqi_its_ac_id/_layouts/15/onedrive.aspx?ga=1&id=%2Fpersonal%2Fary%5Fshiddiqi%5Fits%5Fac%5Fid%2FDocuments%2FITS%2FMANAGEMENT%2FPERKULIAHAN%2FRESOURCE%20AKADEMIK%20DAN%20KEMAHASISWAAN%2FSARJANA%2FArsip%20MBKM%2FPanduan%20Magang%202021%2Epdf&parent=%2Fpersonal%2Fary%5Fshiddiqi%5Fits%5Fac%5Fid%2FDocuments%2FITS%2FMANAGEMENT%2FPERKULIAHAN%2FRESOURCE%20AKADEMIK%20DAN%20KEMAHASISWAAN%2FSARJANA%2FArsip%20MBKM,Akademik S1/MBKM & KP/MBKM di Dept. Teknik Informatika,https://itsacid.sharepoint.com/sites/IF/SitePages/IF-MBKM&KP.aspx#mbkm-di-dept.-teknik-informatika-(must-read!-%F0%9F%9A%A8),Revanza Kurniawan
https://docs.google.com/spreadsheets/d/1HRbG8VCZuKpAjjXQcn4CvXu83h6YdaktjmRg5Lb45no/edit#gid=988551747&range=A27,-,Panduan Pendaftaran PMM Mahasiswa,Panduan,S1,https://itsacid-my.sharepoint.com/personal/ary_shiddiqi_its_ac_id/_layouts/15/onedrive.aspx?ga=1&id=%2Fpersonal%2Fary%5Fshiddiqi%5Fits%5Fac%5Fid%2FDocuments%2FITS%2FMANAGEMENT%2FPERKULIAHAN%2FRESOURCE%20AKADEMIK%20DAN%20KEMAHASISWAAN%2FSARJANA%2FArsip%20MBKM%2FPanduan%2DPendaftaran%2DPmm%2DMahasiswa%2Epdf&parent=%2Fpersonal%2Fary%5Fshiddiqi%5Fits%5Fac%5Fid%2FDocuments%2FITS%2FMANAGEMENT%2FPERKULIAHAN%2FRESOURCE%20AKADEMIK%20DAN%20KEMAHASISWAAN%2FSARJANA%2FArsip%20MBKM,Akademik S1/MBKM & KP/MBKM di Dept. Teknik Informatika,https://itsacid.sharepoint.com/sites/IF/SitePages/IF-MBKM&KP.aspx#mbkm-di-dept.-teknik-informatika-(must-read!-%F0%9F%9A%A8),
deprecated and renewed by row 29,,Sosialisasi MSIB batch 5,Sosialisasi,S1,https://itsacid-my.sharepoint.com/personal/ary_shiddiqi_its_ac_id/_layouts/15/onedrive.aspx?ga=1&id=%2Fpersonal%2Fary%5Fshiddiqi%5Fits%5Fac%5Fid%2FDocuments%2FITS%2FMANAGEMENT%2FPERKULIAHAN%2FRESOURCE%20AKADEMIK%20DAN%20KEMAHASISWAAN%2FSARJANA%2FArsip%20MBKM%2FSosialisasi%20MSIB%20Batch%205%20ITS%20Mei%202023%2Epptx%2Epdf&parent=%2Fpersonal%2Fary%5Fshiddiqi%5Fits%5Fac%5Fid%2FDocuments%2FITS%2FMANAGEMENT%2FPERKULIAHAN%2FRESOURCE%20AKADEMIK%20DAN%20KEMAHASISWAAN%2FSARJANA%2FArsip%20MBKM,Akademik S1/MBKM & KP/MBKM di Dept. Teknik Informatika,https://itsacid.sharepoint.com/sites/IF/SitePages/IF-MBKM&KP.aspx#mbkm-di-dept.-teknik-informatika-(must-read!-%F0%9F%9A%A8),Ahmad Ferdiansyah Ramadhani
https://docs.google.com/spreadsheets/d/1HRbG8VCZuKpAjjXQcn4CvXu83h6YdaktjmRg5Lb45no/edit#gid=988551747&range=37:37,-,Materi MBKM IPITS,Sosialisasi,S1,https://itsacid-my.sharepoint.com/personal/ary_shiddiqi_its_ac_id/_layouts/15/onedrive.aspx?ga=1&id=%2Fpersonal%2Fary%5Fshiddiqi%5Fits%5Fac%5Fid%2FDocuments%2FITS%2FMANAGEMENT%2FPERKULIAHAN%2FRESOURCE%20AKADEMIK%20DAN%20KEMAHASISWAAN%2FSARJANA%2FArsip%20MBKM%2FMateri%20MB%2DKM%20IPITS%20150920%2Epdf&parent=%2Fpersonal%2Fary%5Fshiddiqi%5Fits%5Fac%5Fid%2FDocuments%2FITS%2FMANAGEMENT%2FPERKULIAHAN%2FRESOURCE%20AKADEMIK%20DAN%20KEMAHASISWAAN%2FSARJANA%2FArsip%20MBKM,Akademik S1/MBKM & KP/MBKM di Dept. Teknik Informatika,https://itsacid.sharepoint.com/sites/IF/SitePages/IF-MBKM&KP.aspx#mbkm-di-dept.-teknik-informatika-(must-read!-%F0%9F%9A%A8),Ahmad Ferdiansyah Ramadhani
https://docs.google.com/spreadsheets/d/1HRbG8VCZuKpAjjXQcn4CvXu83h6YdaktjmRg5Lb45no/edit#gid=988551747&range=38:38,-,Buku Panduan Merdeka Belajar,Panduan,S1,https://itsacid-my.sharepoint.com/personal/ary_shiddiqi_its_ac_id/_layouts/15/onedrive.aspx?ga=1&id=%2Fpersonal%2Fary%5Fshiddiqi%5Fits%5Fac%5Fid%2FDocuments%2FITS%2FMANAGEMENT%2FPERKULIAHAN%2FRESOURCE%20AKADEMIK%20DAN%20KEMAHASISWAAN%2FSARJANA%2FArsip%20MBKM%2FBuku%2DPanduan%2DMerdeka%2DBelajar%2DKampus%2DMerdeka%2D2020%2Epdf&parent=%2Fpersonal%2Fary%5Fshiddiqi%5Fits%5Fac%5Fid%2FDocuments%2FITS%2FMANAGEMENT%2FPERKULIAHAN%2FRESOURCE%20AKADEMIK%20DAN%20KEMAHASISWAAN%2FSARJANA%2FArsip%20MBKM,Akademik S1/MBKM & KP/MBKM di Dept. Teknik Informatika,https://itsacid.sharepoint.com/sites/IF/SitePages/IF-MBKM&KP.aspx#mbkm-di-dept.-teknik-informatika-(must-read!-%F0%9F%9A%A8),Ahmad Ferdiansyah Ramadhani
https://docs.google.com/spreadsheets/d/1HRbG8VCZuKpAjjXQcn4CvXu83h6YdaktjmRg5Lb45no/edit#gid=988551747&range=C29,-,Perek No 7/2023 Tentang Pemberian Apresiasi Bagi Mahasiswa Berprestasi dan Dosbing,Peraturan Rektor,S1,https://itsacid-my.sharepoint.com/personal/ary_shiddiqi_its_ac_id/_layouts/15/onedrive.aspx?ga=1&id=%2Fpersonal%2Fary%5Fshiddiqi%5Fits%5Fac%5Fid%2FDocuments%2FITS%2FMANAGEMENT%2FPERKULIAHAN%2FRESOURCE%20AKADEMIK%20DAN%20KEMAHASISWAAN%2FSARJANA%2FArsip%20MBKM%2FPeraturan%20Rektor%20Nomor%207%20Tahun%202023%20Pemberian%20Apresiasi%20Bagi%20Mahasiswa%20Berprestasi%20dan%20Dosen%20Pembi%2Epdf&parent=%2Fpersonal%2Fary%5Fshiddiqi%5Fits%5Fac%5Fid%2FDocuments%2FITS%2FMANAGEMENT%2FPERKULIAHAN%2FRESOURCE%20AKADEMIK%20DAN%20KEMAHASISWAAN%2FSARJANA%2FArsip%20MBKM,Akademik S1/MBKM & KP/MBKM di Dept. Teknik Informatika,https://itsacid.sharepoint.com/sites/IF/SitePages/IF-MBKM&KP.aspx#mbkm-di-dept.-teknik-informatika-(must-read!-%F0%9F%9A%A8),Revanza Kurniawan
https://docs.google.com/spreadsheets/d/1HRbG8VCZuKpAjjXQcn4CvXu83h6YdaktjmRg5Lb45no/edit#gid=988551747&range=40:40,-,Batu Mutu MBKM Panduan Pelaksanaan Bentuk Pembelajaran MBKM sesuai dengan SN Dikti & Kebijakan ITS,Panduan,S1,https://itsacid-my.sharepoint.com/personal/ary_shiddiqi_its_ac_id/_layouts/15/onedrive.aspx?ga=1&id=%2Fpersonal%2Fary%5Fshiddiqi%5Fits%5Fac%5Fid%2FDocuments%2FITS%2FMANAGEMENT%2FPERKULIAHAN%2FRESOURCE%20AKADEMIK%20DAN%20KEMAHASISWAAN%2FSARJANA%2FArsip%20MBKM%2FBAKU%2DMUTU%2DMBKM%2DFINAL%2Epdf&parent=%2Fpersonal%2Fary%5Fshiddiqi%5Fits%5Fac%5Fid%2FDocuments%2FITS%2FMANAGEMENT%2FPERKULIAHAN%2FRESOURCE%20AKADEMIK%20DAN%20KEMAHASISWAAN%2FSARJANA%2FArsip%20MBKM,Akademik S1/MBKM & KP/MBKM di Dept. Teknik Informatika,https://itsacid.sharepoint.com/sites/IF/SitePages/IF-MBKM&KP.aspx#mbkm-di-dept.-teknik-informatika-(must-read!-%F0%9F%9A%A8),Ahmad Ferdiansyah Ramadhani
https://docs.google.com/spreadsheets/d/1HRbG8VCZuKpAjjXQcn4CvXu83h6YdaktjmRg5Lb45no/edit#gid=988551747&range=41:41,-,SOP Ekuivalensi Program MBKM,Sosialisasi,S1,https://itsacid-my.sharepoint.com/personal/ary_shiddiqi_its_ac_id/_layouts/15/onedrive.aspx?ga=1&id=%2Fpersonal%2Fary%5Fshiddiqi%5Fits%5Fac%5Fid%2FDocuments%2FITS%2FMANAGEMENT%2FPERKULIAHAN%2FRESOURCE%20AKADEMIK%20DAN%20KEMAHASISWAAN%2FSARJANA%2FArsip%20MBKM%2FSOP%20Ekivalensi%20Program%20MBKM%2Epdf&parent=%2Fpersonal%2Fary%5Fshiddiqi%5Fits%5Fac%5Fid%2FDocuments%2FITS%2FMANAGEMENT%2FPERKULIAHAN%2FRESOURCE%20AKADEMIK%20DAN%20KEMAHASISWAAN%2FSARJANA%2FArsip%20MBKM,Akademik S1/MBKM & KP/MBKM di Dept. Teknik Informatika,https://itsacid.sharepoint.com/sites/IF/SitePages/IF-MBKM&KP.aspx#mbkm-di-dept.-teknik-informatika-(must-read!-%F0%9F%9A%A8),
https://docs.google.com/spreadsheets/d/1HRbG8VCZuKpAjjXQcn4CvXu83h6YdaktjmRg5Lb45no/edit#gid=988551747&range=41:41,-,SOSIALISASI	PMMBB (Program Magang Mahasiswa Bersertifikat)	,Sosialisasi,S1,https://itsacid-my.sharepoint.com/personal/ary_shiddiqi_its_ac_id/_layouts/15/onedrive.aspx?ga=1&id=%2Fpersonal%2Fary%5Fshiddiqi%5Fits%5Fac%5Fid%2FDocuments%2FITS%2FMANAGEMENT%2FPERKULIAHAN%2FRESOURCE%20AKADEMIK%20DAN%20KEMAHASISWAAN%2FSARJANA%2FArsip%20MBKM%2Fsosialisasi%20PMMB%20%2Epdf&parent=%2Fpersonal%2Fary%5Fshiddiqi%5Fits%5Fac%5Fid%2FDocuments%2FITS%2FMANAGEMENT%2FPERKULIAHAN%2FRESOURCE%20AKADEMIK%20DAN%20KEMAHASISWAAN%2FSARJANA%2FArsip%20MBKM,Akademik S1/MBKM & KP/MBKM di Dept. Teknik Informatika,https://itsacid.sharepoint.com/sites/IF/SitePages/IF-MBKM&KP.aspx#mbkm-di-dept.-teknik-informatika-(must-read!-%F0%9F%9A%A8),Ahmad Ferdiansyah Ramadhani
deprecated and renewed by row 43,,Perek 12 Baku Mutu Magang,Peraturan Rektor,S1,https://itsacid-my.sharepoint.com/personal/ary_shiddiqi_its_ac_id/_layouts/15/onedrive.aspx?ga=1&id=%2Fpersonal%2Fary%5Fshiddiqi%5Fits%5Fac%5Fid%2FDocuments%2FITS%2FMANAGEMENT%2FPERKULIAHAN%2FRESOURCE%20AKADEMIK%20DAN%20KEMAHASISWAAN%2FSARJANA%2FArsip%20MBKM%2Fperek%2D12%2Dbaku%2Dmutu%2Dmagang%2D1%2E8%2E19%2DFINAL%2Epdf&parent=%2Fpersonal%2Fary%5Fshiddiqi%5Fits%5Fac%5Fid%2FDocuments%2FITS%2FMANAGEMENT%2FPERKULIAHAN%2FRESOURCE%20AKADEMIK%20DAN%20KEMAHASISWAAN%2FSARJANA%2FArsip%20MBKM,Akademik S1/MBKM & KP/MBKM di Dept. Teknik Informatika,https://itsacid.sharepoint.com/sites/IF/SitePages/IF-MBKM&KP.aspx#mbkm-di-dept.-teknik-informatika-(must-read!-%F0%9F%9A%A8),
https://docs.google.com/spreadsheets/d/1HRbG8VCZuKpAjjXQcn4CvXu83h6YdaktjmRg5Lb45no/edit#gid=988551747&range=42:42,-,Pelaksanaan Perencanaan Kegiatan SKEM/ Program MB-KM,Surat Edaran,S1,https://itsacid-my.sharepoint.com/personal/ary_shiddiqi_its_ac_id/_layouts/15/onedrive.aspx?ga=1&id=%2Fpersonal%2Fary%5Fshiddiqi%5Fits%5Fac%5Fid%2FDocuments%2FITS%2FMANAGEMENT%2FPERKULIAHAN%2FRESOURCE%20AKADEMIK%20DAN%20KEMAHASISWAAN%2FSARJANA%2FArsip%20MBKM%2FSE%20WR1%20Perencanaan%20SKEM%20MBKM%20OK3paraf%2Epdf&parent=%2Fpersonal%2Fary%5Fshiddiqi%5Fits%5Fac%5Fid%2FDocuments%2FITS%2FMANAGEMENT%2FPERKULIAHAN%2FRESOURCE%20AKADEMIK%20DAN%20KEMAHASISWAAN%2FSARJANA%2FArsip%20MBKM,Akademik S1/MBKM & KP/MBKM di Dept. Teknik Informatika,https://itsacid.sharepoint.com/sites/IF/SitePages/IF-MBKM&KP.aspx#mbkm-di-dept.-teknik-informatika-(must-read!-%F0%9F%9A%A8),Ahmad Ferdiansyah Ramadhani
deprecated and renewed by row 42,,Perek no.30/2020 Tentang Penyelenggaraan Kegiatan Merdeka Belajar,Peraturan Rektor,S1,https://itsacid-my.sharepoint.com/personal/ary_shiddiqi_its_ac_id/_layouts/15/onedrive.aspx?ga=1&id=%2Fpersonal%2Fary%5Fshiddiqi%5Fits%5Fac%5Fid%2FDocuments%2FITS%2FMANAGEMENT%2FPERKULIAHAN%2FRESOURCE%20AKADEMIK%20DAN%20KEMAHASISWAAN%2FSARJANA%2FArsip%20MBKM%2FPeraturan%20Rektor%20Nomor%2030%20Tahun%202020%20ttg%20Penyelenggaraan%20Kegiatan%20Merdeka%20Belajar%20Kampus%20Merdeka%2Epdf&parent=%2Fpersonal%2Fary%5Fshiddiqi%5Fits%5Fac%5Fid%2FDocuments%2FITS%2FMANAGEMENT%2FPERKULIAHAN%2FRESOURCE%20AKADEMIK%20DAN%20KEMAHASISWAAN%2FSARJANA%2FArsip%20MBKM,Akademik S1/MBKM & KP/MBKM di Dept. Teknik Informatika,https://itsacid.sharepoint.com/sites/IF/SitePages/IF-MBKM&KP.aspx#mbkm-di-dept.-teknik-informatika-(must-read!-%F0%9F%9A%A8),
https://docs.google.com/spreadsheets/d/1HRbG8VCZuKpAjjXQcn4CvXu83h6YdaktjmRg5Lb45no/edit#gid=988551747&range=C28,-,Perek no.22/2021 Tentang Penyelenggaraan Kegiatan Merdeka Belajar,Peraturan Rektor,S1,https://itsacid-my.sharepoint.com/personal/ary_shiddiqi_its_ac_id/_layouts/15/onedrive.aspx?ga=1&id=%2Fpersonal%2Fary%5Fshiddiqi%5Fits%5Fac%5Fid%2FDocuments%2FITS%2FMANAGEMENT%2FPERKULIAHAN%2FRESOURCE%20AKADEMIK%20DAN%20KEMAHASISWAAN%2FSARJANA%2FArsip%20MBKM%2FPeraturan%20Rektor%20Nomor%2022%20Tahun%202021%20tentang%20Penyelenggaraan%20Kegiatan%20MBKM%20di%20ITS%2Epdf&parent=%2Fpersonal%2Fary%5Fshiddiqi%5Fits%5Fac%5Fid%2FDocuments%2FITS%2FMANAGEMENT%2FPERKULIAHAN%2FRESOURCE%20AKADEMIK%20DAN%20KEMAHASISWAAN%2FSARJANA%2FArsip%20MBKM,Akademik S1/MBKM & KP/MBKM di Dept. Teknik Informatika,https://itsacid.sharepoint.com/sites/IF/SitePages/IF-MBKM&KP.aspx#mbkm-di-dept.-teknik-informatika-(must-read!-%F0%9F%9A%A8),Revanza Kurniawan
https://docs.google.com/spreadsheets/d/1HRbG8VCZuKpAjjXQcn4CvXu83h6YdaktjmRg5Lb45no/edit#gid=988551747&range=C26,-,Perek no.23/2023 Tentang Perubahan Baku Mutu Magang,Peraturan Rektor,S1,https://itsacid-my.sharepoint.com/personal/ary_shiddiqi_its_ac_id/_layouts/15/onedrive.aspx?ga=1&id=%2Fpersonal%2Fary%5Fshiddiqi%5Fits%5Fac%5Fid%2FDocuments%2FITS%2FMANAGEMENT%2FPERKULIAHAN%2FRESOURCE%20AKADEMIK%20DAN%20KEMAHASISWAAN%2FSARJANA%2FArsip%20MBKM%2F23%2E%20Peraturan%20Rektor%20Nomor%2023%20Tahun%202021%20ttg%20Perub%20Peraturan%20Baku%20Mutu%20Magang%20Prodi%20Sarjana%20Terapan%20%26%20Sarjana%2Epdf&parent=%2Fpersonal%2Fary%5Fshiddiqi%5Fits%5Fac%5Fid%2FDocuments%2FITS%2FMANAGEMENT%2FPERKULIAHAN%2FRESOURCE%20AKADEMIK%20DAN%20KEMAHASISWAAN%2FSARJANA%2FArsip%20MBKM,Akademik S1/MBKM & KP/MBKM di Dept. Teknik Informatika,https://itsacid.sharepoint.com/sites/IF/SitePages/IF-MBKM&KP.aspx#mbkm-di-dept.-teknik-informatika-(must-read!-%F0%9F%9A%A8),Revanza Kurniawan
https://docs.google.com/spreadsheets/d/1HRbG8VCZuKpAjjXQcn4CvXu83h6YdaktjmRg5Lb45no/edit#gid=988551747&range=C30,-,SURAT EDARAN Panduan Evaluasi Kurikulum Program Studi Program Merdeka Belajar â€“ Kampus Merdeka,Surat Edaran,S1,https://itsacid-my.sharepoint.com/personal/ary_shiddiqi_its_ac_id/_layouts/15/onedrive.aspx?ga=1&id=%2Fpersonal%2Fary%5Fshiddiqi%5Fits%5Fac%5Fid%2FDocuments%2FITS%2FMANAGEMENT%2FPERKULIAHAN%2FRESOURCE%20AKADEMIK%20DAN%20KEMAHASISWAAN%2FSARJANA%2FArsip%20MBKM%2FSurat%20Edaran%20Panduan%20Kurikulum%20Mendukung%20MB%2DKM%2Epdf&parent=%2Fpersonal%2Fary%5Fshiddiqi%5Fits%5Fac%5Fid%2FDocuments%2FITS%2FMANAGEMENT%2FPERKULIAHAN%2FRESOURCE%20AKADEMIK%20DAN%20KEMAHASISWAAN%2FSARJANA%2FArsip%20MBKM,Akademik S1/MBKM & KP/MBKM di Dept. Teknik Informatika,https://itsacid.sharepoint.com/sites/IF/SitePages/IF-MBKM&KP.aspx#mbkm-di-dept.-teknik-informatika-(must-read!-%F0%9F%9A%A8),Revanza Kurniawan
https://docs.google.com/spreadsheets/d/1HRbG8VCZuKpAjjXQcn4CvXu83h6YdaktjmRg5Lb45no/edit#gid=988551747&range=C31,-,Surat Edaran batasan MBKM,Surat Edaran,S1,https://itsacid-my.sharepoint.com/personal/ary_shiddiqi_its_ac_id/_layouts/15/onedrive.aspx?ga=1&id=%2Fpersonal%2Fary%5Fshiddiqi%5Fits%5Fac%5Fid%2FDocuments%2FITS%2FMANAGEMENT%2FPERKULIAHAN%2FRESOURCE%20AKADEMIK%20DAN%20KEMAHASISWAAN%2FSARJANA%2FArsip%20MBKM%2FSurat%20Edaran%20WR1%20BKP%20%2D%20batasan%20MBKM%2Epdf&parent=%2Fpersonal%2Fary%5Fshiddiqi%5Fits%5Fac%5Fid%2FDocuments%2FITS%2FMANAGEMENT%2FPERKULIAHAN%2FRESOURCE%20AKADEMIK%20DAN%20KEMAHASISWAAN%2FSARJANA%2FArsip%20MBKM,Akademik S1/MBKM & KP/MBKM di Dept. Teknik Informatika,https://itsacid.sharepoint.com/sites/IF/SitePages/IF-MBKM&KP.aspx#mbkm-di-dept.-teknik-informatika-(must-read!-%F0%9F%9A%A8),Revanza Kurniawan
https://docs.google.com/spreadsheets/d/1HRbG8VCZuKpAjjXQcn4CvXu83h6YdaktjmRg5Lb45no/edit#gid=988551747&range=43:43,-,Panduan Upload Mandiri Laporan KP,Panduan,S1,https://itsacid-my.sharepoint.com/personal/ary_shiddiqi_its_ac_id/_layouts/15/onedrive.aspx?ga=1&id=%2Fpersonal%2Fary%5Fshiddiqi%5Fits%5Fac%5Fid%2FDocuments%2FITS%2FMANAGEMENT%2FPERKULIAHAN%2FRESOURCE%20AKADEMIK%20DAN%20KEMAHASISWAAN%2FSARJANA%2FKP%2FUpload%20Mandiri%2DKP%20REPO%20ITS%2Epdf&parent=%2Fpersonal%2Fary%5Fshiddiqi%5Fits%5Fac%5Fid%2FDocuments%2FITS%2FMANAGEMENT%2FPERKULIAHAN%2FRESOURCE%20AKADEMIK%20DAN%20KEMAHASISWAAN%2FSARJANA%2FKP,Akademik S1/MBKM & KP/How-to-do Kerja Praktik di Dept. Teknik Informatika,https://itsacid.sharepoint.com/sites/IF/SitePages/IF-MBKM&KP.aspx#how-to-do-kerja-praktik-di-dept.-teknik-informatika-%F0%9F%91%A8%F0%9F%8F%BB%E2%80%8D%F0%9F%94%A7,Ahmad Ferdiansyah Ramadhani
https://docs.google.com/spreadsheets/d/1HRbG8VCZuKpAjjXQcn4CvXu83h6YdaktjmRg5Lb45no/edit#gid=988551747&range=44:44,-,SOP Kerja Praktik,Sosialisasi,S1,https://itsacid-my.sharepoint.com/personal/ary_shiddiqi_its_ac_id/_layouts/15/onedrive.aspx?ga=1&id=%2Fpersonal%2Fary%5Fshiddiqi%5Fits%5Fac%5Fid%2FDocuments%2FITS%2FMANAGEMENT%2FPERKULIAHAN%2FRESOURCE%20AKADEMIK%20DAN%20KEMAHASISWAAN%2FSARJANA%2FKP%2FSOP%20KP%20%2D%20new%2Epdf&parent=%2Fpersonal%2Fary%5Fshiddiqi%5Fits%5Fac%5Fid%2FDocuments%2FITS%2FMANAGEMENT%2FPERKULIAHAN%2FRESOURCE%20AKADEMIK%20DAN%20KEMAHASISWAAN%2FSARJANA%2FKP,Akademik S1/MBKM & KP/How-to-do Kerja Praktik di Dept. Teknik Informatika,https://itsacid.sharepoint.com/sites/IF/SitePages/IF-MBKM&KP.aspx#how-to-do-kerja-praktik-di-dept.-teknik-informatika-%F0%9F%91%A8%F0%9F%8F%BB%E2%80%8D%F0%9F%94%A7,Ahmad Ferdiansyah Ramadhani
https://docs.google.com/spreadsheets/d/1HRbG8VCZuKpAjjXQcn4CvXu83h6YdaktjmRg5Lb45no/edit#gid=988551747&range=C35,-,Perek no.280/2022 Tentang Pedoman Penyusunan Tugas/Proyek Akhir,Peraturan Rektor,S1,https://itsacid-my.sharepoint.com/personal/ary_shiddiqi_its_ac_id/_layouts/15/onedrive.aspx?ga=1&id=%2Fpersonal%2Fary%5Fshiddiqi%5Fits%5Fac%5Fid%2FDocuments%2FITS%2FMANAGEMENT%2FPERKULIAHAN%2FRESOURCE%20AKADEMIK%20DAN%20KEMAHASISWAAN%2FSARJANA%2FTA%2FPANDUAN%20PENYUSUNAN%20PROPOSAL%20DAN%20BUKU%20TUGAS%20AKHIR%2Epdf&parent=%2Fpersonal%2Fary%5Fshiddiqi%5Fits%5Fac%5Fid%2FDocuments%2FITS%2FMANAGEMENT%2FPERKULIAHAN%2FRESOURCE%20AKADEMIK%20DAN%20KEMAHASISWAAN%2FSARJANA%2FTA,Akademik S1/Rumpun MK TA/Prosedur Rumpun MK TA,https://itsacid.sharepoint.com/sites/IF/SitePages/IF-InfoTugasAkhir.aspx#prosedur-rumpun-mk-ta,Revanza Kurniawan
https://docs.google.com/spreadsheets/d/1HRbG8VCZuKpAjjXQcn4CvXu83h6YdaktjmRg5Lb45no/edit#gid=988551747&range=C32,-,"PANDUAN TATA CARA UNGGAH 
ARTIKEL ILMIAH PADA
POMITS (PUBLIKASI ONLINE ITS",Panduan,S1,https://itsacid-my.sharepoint.com/personal/ary_shiddiqi_its_ac_id/_layouts/15/onedrive.aspx?ga=1&id=%2Fpersonal%2Fary%5Fshiddiqi%5Fits%5Fac%5Fid%2FDocuments%2FITS%2FMANAGEMENT%2FPERKULIAHAN%2FRESOURCE%20AKADEMIK%20DAN%20KEMAHASISWAAN%2FSARJANA%2FTA%2FPANDUAN%20POMITS%20%2D%20AKUN%20BARU%2Epdf&parent=%2Fpersonal%2Fary%5Fshiddiqi%5Fits%5Fac%5Fid%2FDocuments%2FITS%2FMANAGEMENT%2FPERKULIAHAN%2FRESOURCE%20AKADEMIK%20DAN%20KEMAHASISWAAN%2FSARJANA%2FTA,Akademik S1/Rumpun MK TA/Prosedur Rumpun MK TA,https://itsacid.sharepoint.com/sites/IF/SitePages/IF-InfoTugasAkhir.aspx#prosedur-rumpun-mk-ta,Revanza Kurniawan
https://docs.google.com/spreadsheets/d/1HRbG8VCZuKpAjjXQcn4CvXu83h6YdaktjmRg5Lb45no/edit#gid=988551747&range=45:45,-,"Pemesanan Cetak Buku TA 
di myITS Printing",Sosialisasi,S1,https://itsacid-my.sharepoint.com/personal/ary_shiddiqi_its_ac_id/_layouts/15/onedrive.aspx?ga=1&id=%2Fpersonal%2Fary%5Fshiddiqi%5Fits%5Fac%5Fid%2FDocuments%2FITS%2FMANAGEMENT%2FPERKULIAHAN%2FRESOURCE%20AKADEMIK%20DAN%20KEMAHASISWAAN%2FSARJANA%2FTA%2Fpemesanan%5Fprinting%5Fbuku%5Fta%2D2020%2Epdf&parent=%2Fpersonal%2Fary%5Fshiddiqi%5Fits%5Fac%5Fid%2FDocuments%2FITS%2FMANAGEMENT%2FPERKULIAHAN%2FRESOURCE%20AKADEMIK%20DAN%20KEMAHASISWAAN%2FSARJANA%2FTA,Akademik S1/Rumpun MK TA/Prosedur Rumpun MK TA,https://itsacid.sharepoint.com/sites/IF/SitePages/IF-InfoTugasAkhir.aspx#prosedur-rumpun-mk-ta,Ahmad Ferdiansyah Ramadhani
https://docs.google.com/spreadsheets/d/1HRbG8VCZuKpAjjXQcn4CvXu83h6YdaktjmRg5Lb45no/edit#gid=988551747&range=C36,-,Manual Penggunaan MONTA,Panduan,S1,https://itsacid-my.sharepoint.com/personal/ary_shiddiqi_its_ac_id/_layouts/15/onedrive.aspx?ga=1&id=%2Fpersonal%2Fary%5Fshiddiqi%5Fits%5Fac%5Fid%2FDocuments%2FITS%2FMANAGEMENT%2FPERKULIAHAN%2FRESOURCE%20AKADEMIK%20DAN%20KEMAHASISWAAN%2FSARJANA%2FTA%2FManual%20Penggunaan%20MONTA%20%28Mahasiswa%29%2Epdf&parent=%2Fpersonal%2Fary%5Fshiddiqi%5Fits%5Fac%5Fid%2FDocuments%2FITS%2FMANAGEMENT%2FPERKULIAHAN%2FRESOURCE%20AKADEMIK%20DAN%20KEMAHASISWAAN%2FSARJANA%2FTA,Akademik S1/Rumpun MK TA/Prosedur Rumpun MK TA,https://itsacid.sharepoint.com/sites/IF/SitePages/IF-InfoTugasAkhir.aspx#prosedur-rumpun-mk-ta,Revanza Kurniawan
https://docs.google.com/spreadsheets/d/1HRbG8VCZuKpAjjXQcn4CvXu83h6YdaktjmRg5Lb45no/edit#gid=988551747&range=46:46,-,SOP Penulisan Proposal & Buku TA,Panduan,S1,https://itsacid-my.sharepoint.com/personal/ary_shiddiqi_its_ac_id/_layouts/15/onedrive.aspx?ga=1&id=%2Fpersonal%2Fary%5Fshiddiqi%5Fits%5Fac%5Fid%2FDocuments%2FITS%2FMANAGEMENT%2FPERKULIAHAN%2FRESOURCE%20AKADEMIK%20DAN%20KEMAHASISWAAN%2FSARJANA%2FTA%2FSOP%20Penulisan%20Proposal%20dan%20Buku%20TA%2Epdf&parent=%2Fpersonal%2Fary%5Fshiddiqi%5Fits%5Fac%5Fid%2FDocuments%2FITS%2FMANAGEMENT%2FPERKULIAHAN%2FRESOURCE%20AKADEMIK%20DAN%20KEMAHASISWAAN%2FSARJANA%2FTA,Akademik S1/Rumpun MK TA/Prosedur Rumpun MK TA,https://itsacid.sharepoint.com/sites/IF/SitePages/IF-InfoTugasAkhir.aspx#prosedur-rumpun-mk-ta,Ahmad Ferdiansyah Ramadhani
deprecated,,"SURAT EDARAN PELAKSANAAN KEGIATAN PEMBELAJARAN DAN PENYELESAIAN TUGAS AKHIR 
MAHASISWA DALAM RANGKA PENCEGAHAN PENYEBARAN CORONO VIRUS DISEASE",Surat Edaran,S1,https://itsacid-my.sharepoint.com/personal/ary_shiddiqi_its_ac_id/_layouts/15/onedrive.aspx?ga=1&id=%2Fpersonal%2Fary%5Fshiddiqi%5Fits%5Fac%5Fid%2FDocuments%2FITS%2FMANAGEMENT%2FPERKULIAHAN%2FRESOURCE%20AKADEMIK%20DAN%20KEMAHASISWAAN%2FSARJANA%2FTA%2FEdaran%20WR1%20tentang%20kegiatan%20Pembelajaran%20dan%20Penyelesaian%20Tugas%20Akhir%2Epdf&parent=%2Fpersonal%2Fary%5Fshiddiqi%5Fits%5Fac%5Fid%2FDocuments%2FITS%2FMANAGEMENT%2FPERKULIAHAN%2FRESOURCE%20AKADEMIK%20DAN%20KEMAHASISWAAN%2FSARJANA%2FTA,Akademik S1/Rumpun MK TA/Prosedur Rumpun MK TA,https://itsacid.sharepoint.com/sites/IF/SitePages/IF-InfoTugasAkhir.aspx#prosedur-rumpun-mk-ta,
https://docs.google.com/spreadsheets/d/1HRbG8VCZuKpAjjXQcn4CvXu83h6YdaktjmRg5Lb45no/edit#gid=988551747&range=C34,-,Pemberitahuan Perek No.18 Tahun 2023,Peraturan Rektor,S1,https://itsacid-my.sharepoint.com/personal/ary_shiddiqi_its_ac_id/_layouts/15/onedrive.aspx?ga=1&id=%2Fpersonal%2Fary%5Fshiddiqi%5Fits%5Fac%5Fid%2FDocuments%2FITS%2FMANAGEMENT%2FPERKULIAHAN%2FRESOURCE%20AKADEMIK%20DAN%20KEMAHASISWAAN%2FSARJANA%2FTA%2FPemberitahuan%20perubahan%20terkait%20Peraturan%20Rektor%20Nomor%2018%20Tahun%202023%2Epdf&parent=%2Fpersonal%2Fary%5Fshiddiqi%5Fits%5Fac%5Fid%2FDocuments%2FITS%2FMANAGEMENT%2FPERKULIAHAN%2FRESOURCE%20AKADEMIK%20DAN%20KEMAHASISWAAN%2FSARJANA%2FTA,Akademik S1/Rumpun MK TA/Prosedur Rumpun MK TA,https://itsacid.sharepoint.com/sites/IF/SitePages/IF-InfoTugasAkhir.aspx#prosedur-rumpun-mk-ta,Revanza Kurniawan
https://docs.google.com/spreadsheets/d/1HRbG8VCZuKpAjjXQcn4CvXu83h6YdaktjmRg5Lb45no/edit#gid=988551747&range=C33,-,Edaran WR1 tentang Syarat Bahasa Asing,Surat Edaran,S1,https://itsacid-my.sharepoint.com/personal/ary_shiddiqi_its_ac_id/_layouts/15/onedrive.aspx?ga=1&id=%2Fpersonal%2Fary%5Fshiddiqi%5Fits%5Fac%5Fid%2FDocuments%2FITS%2FMANAGEMENT%2FPERKULIAHAN%2FRESOURCE%20AKADEMIK%20DAN%20KEMAHASISWAAN%2FSARJANA%2FTA%2FEdaran%20WR1%20tentang%20syarat%20bahasa%20asing%20mendaftar%20sidang%20TA%2Epdf&parent=%2Fpersonal%2Fary%5Fshiddiqi%5Fits%5Fac%5Fid%2FDocuments%2FITS%2FMANAGEMENT%2FPERKULIAHAN%2FRESOURCE%20AKADEMIK%20DAN%20KEMAHASISWAAN%2FSARJANA%2FTA,Akademik S1/Rumpun MK TA/Prosedur Rumpun MK TA,https://itsacid.sharepoint.com/sites/IF/SitePages/IF-InfoTugasAkhir.aspx#prosedur-rumpun-mk-ta,Revanza Kurniawan
https://docs.google.com/spreadsheets/d/1HRbG8VCZuKpAjjXQcn4CvXu83h6YdaktjmRg5Lb45no/edit#gid=988551747&range=C23,-,Administrasi Yudisium S1,Panduan,S1,https://itsacid.sharepoint.com/sites/IF/SitePages/IF-InfoYudisium.aspx#administrasi-yudisium-s1-%F0%9F%8E%93,Akademik S1/Yudisium & Wisuda/Administrasi Yudisium S1,https://itsacid.sharepoint.com/sites/IF/SitePages/IF-InfoYudisium.aspx#administrasi-yudisium-s1-%F0%9F%8E%93,Revanza Kurniawan
-,https://docs.google.com/spreadsheets/d/1HRbG8VCZuKpAjjXQcn4CvXu83h6YdaktjmRg5Lb45no/edit#gid=745639224&range=C3,Administrasi Yudisium S2,Panduan,S2,https://itsacid.sharepoint.com/sites/IF/SitePages/IF-InfoTugasAkhir.aspx#prosedur-rumpun-mk-ta,Akademik S2/Yudisium & Wisuda/Administrasi Yudisium S2 ,https://itsacid.sharepoint.com/sites/IF/SitePages/IF-InfoTugasAkhir.aspx#prosedur-rumpun-mk-ta,Revanza Kurniawan
deprecated and renewed by row 28,,Pedoman Tesis,Panduan,S2,https://itsacid-my.sharepoint.com/personal/kartikadwi_its_ac_id/_layouts/15/onedrive.aspx?ga=1&id=%2Fpersonal%2Fkartikadwi%5Fits%5Fac%5Fid%2FDocuments%2F05%2E%20Tesis%20%2D%20Proposal%2F05%5FDokumen%20Proposal%20Tesis%2FPedoman%20Tesis%5F2018%2Epdf&parent=%2Fpersonal%2Fkartikadwi%5Fits%5Fac%5Fid%2FDocuments%2F05%2E%20Tesis%20%2D%20Proposal%2F05%5FDokumen%20Proposal%20Tesis,Akademik S2/Rumpun MK Tesis/Tesis Proposal,https://itsacid.sharepoint.com/sites/IF/SitePages/IF-InfoTesis.aspx#tesis-proposal,
-,https://docs.google.com/spreadsheets/d/1HRbG8VCZuKpAjjXQcn4CvXu83h6YdaktjmRg5Lb45no/edit#gid=745639224&range=6:6,SOP Pendaftaran Sidang Proposal Tesis,Panduan,S2,https://itsacid-my.sharepoint.com/personal/kartikadwi_its_ac_id/_layouts/15/onedrive.aspx?ga=1&id=%2Fpersonal%2Fkartikadwi%5Fits%5Fac%5Fid%2FDocuments%2F05%2E%20Tesis%20%2D%20Proposal%2F05%5FDokumen%20Proposal%20Tesis%2FSOP%20Pendaftaran%20Sidang%20Proposal%20Tesis%20%28Mahasiswa%29%2Epdf&parent=%2Fpersonal%2Fkartikadwi%5Fits%5Fac%5Fid%2FDocuments%2F05%2E%20Tesis%20%2D%20Proposal%2F05%5FDokumen%20Proposal%20Tesis,Akademik S2/Rumpun MK Tesis/Tesis Proposal,https://itsacid.sharepoint.com/sites/IF/SitePages/IF-InfoTesis.aspx#tesis-proposal,Ahmad Ferdiansyah Ramadhani
-,https://docs.google.com/spreadsheets/d/1HRbG8VCZuKpAjjXQcn4CvXu83h6YdaktjmRg5Lb45no/edit#gid=745639224&range=A5,Tatib Sidang Proposal Tesis,Panduan,S2,https://itsacid-my.sharepoint.com/personal/kartikadwi_its_ac_id/_layouts/15/onedrive.aspx?ga=1&id=%2Fpersonal%2Fkartikadwi%5Fits%5Fac%5Fid%2FDocuments%2F05%2E%20Tesis%20%2D%20Proposal%2F05%5FDokumen%20Proposal%20Tesis%2FTatib%20Sidang%20Proposal%20Tesis%20%28Mahasiswa%29%2Epdf&parent=%2Fpersonal%2Fkartikadwi%5Fits%5Fac%5Fid%2FDocuments%2F05%2E%20Tesis%20%2D%20Proposal%2F05%5FDokumen%20Proposal%20Tesis,Akademik S2/Rumpun MK Tesis/Tesis Proposal,https://itsacid.sharepoint.com/sites/IF/SitePages/IF-InfoTesis.aspx#tesis-proposal,Revanza Kurniawan